size, procs, ordered_mean, static_mean
10000,1,0.611638,0.195258
14142,2,1.141736,0.202508
17320,3,1.639940,0.199190
20000,4,2.187124,0.201911
10000,1,0.575042,0.174038
14142,2,1.117448,0.174905
17320,3,1.606043,0.176071
20000,4,2.149316,0.176490
10000,1,0.554576,0.161196
14142,2,1.096865,0.161724
17320,3,1.600247,0.165075
20000,4,2.101946,0.164626
