size, procs, ordered_mean, static_mean
10000,1,0.588945,0.198833
14142,2,1.084500,0.204512
17320,3,1.572682,0.203362
20000,4,2.097506,0.205439
