size, procs, ordered_mean, static_mean
10000,1,0.406315,0.069791
14142,2,0.597723,0.087140
17320,3,0.879286,0.078349
20000,4,1.049336,0.091273
