size, procs, ordered_mean, static_mean
8000,1,0.392854,0.135061
8000,1,0.393478,0.135324
8000,2,0.386283,0.079474
8000,3,0.383914,0.060575
8000,4,0.383733,0.051721
10000,1,0.583403,0.199392
10000,1,0.584062,0.199027
10000,2,0.577598,0.111761
10000,3,0.573818,0.083260
10000,4,0.566396,0.068091
12000,1,0.827592,0.276673
12000,1,0.829800,0.277274
12000,2,0.795531,0.153854
12000,3,0.793967,0.109533
12000,4,0.791074,0.089546
